slam,year,tour,fold,n_matches,n_points,n_set_blocks,serve_win_rate,serve_number_missing_frac,tiebreak_point_frac,points_per_match_median,points_per_set_block_median,points_per_set_block_p10,points_per_set_block_p90
ausopen,2011,M,train,88,18244,622,0.6228,1.0,0.0283,199.0,28.0,20.0,42.0
ausopen,2011,W,train,91,13099,424,0.5583,1.0,0.0215,135.0,29.0,19.0,44.0
frenchopen,2011,M,train,99,21273,702,0.6181,1.0,0.0241,205.0,29.0,20.0,43.0
frenchopen,2011,W,train,95,12872,434,0.5536,1.0,0.0179,123.0,29.0,20.0,41.0
usopen,2011,M,train,84,16814,573,0.6233,1.0,0.0266,192.0,28.0,19.0,42.0
usopen,2011,W,train,77,10334,344,0.5601,1.0,0.0218,118.0,29.0,19.0,43.69999999999999
wimbledon,2011,M,train,64,13771,450,0.6635,1.0,0.0435,204.5,30.0,20.0,41.0
wimbledon,2011,W,train,53,7480,250,0.5845,1.0,0.0186,126.0,28.0,19.900000000000002,42.0
ausopen,2012,M,train,85,18466,619,0.6146,1.0,0.0269,213.0,28.0,19.0,42.0
ausopen,2012,W,train,82,10535,365,0.5507,1.0,0.0178,119.0,27.0,17.4,43.0
frenchopen,2012,M,train,87,19499,642,0.6188,1.0,0.0296,213.0,29.0,19.0,44.0
frenchopen,2012,W,train,85,11199,388,0.5495,1.0,0.0111,120.0,28.0,18.0,41.0
usopen,2012,M,train,91,20632,678,0.6373,1.0,0.0325,223.0,29.0,20.700000000000003,42.30000000000007
usopen,2012,W,train,80,10340,360,0.5621,1.0,0.0176,117.5,27.0,18.0,43.0
wimbledon,2012,M,train,73,16622,536,0.6675,1.0,0.0415,228.0,30.0,20.0,43.0
wimbledon,2012,W,train,67,9298,310,0.5882,1.0,0.0245,127.0,29.0,18.0,45.0
ausopen,2013,M,train,88,19598,642,0.6349,1.0,0.0314,197.5,29.0,20.0,43.0
ausopen,2013,W,train,91,12090,406,0.5468,1.0,0.012,119.0,28.0,18.5,42.0
frenchopen,2013,M,train,94,20294,665,0.624,1.0,0.0293,193.5,29.0,20.0,43.0
frenchopen,2013,W,train,92,12915,424,0.5557,1.0,0.0218,130.0,29.0,19.0,43.0
usopen,2013,M,train,89,19790,656,0.6246,1.0,0.0318,219.0,28.0,20.0,43.0
usopen,2013,W,train,78,10563,350,0.5563,1.0,0.0151,124.0,29.0,19.0,43.0
wimbledon,2013,M,train,75,16041,509,0.6672,1.0,0.0421,203.0,30.0,20.0,43.19999999999999
wimbledon,2013,W,train,71,9650,322,0.5789,1.0,0.0181,125.0,28.0,19.0,42.0
ausopen,2014,M,train,77,16741,550,0.6426,1.0,0.0328,214.0,29.0,20.0,43.0
ausopen,2014,W,train,81,10918,376,0.5565,1.0,0.0147,129.0,27.5,19.0,42.0
frenchopen,2014,M,train,127,26337,870,0.6189,0.0317,0.0264,197.0,29.0,19.0,43.0
frenchopen,2014,W,train,127,17753,588,0.549,0.0462,0.0152,133.0,29.0,20.0,43.0
usopen,2014,M,train,95,20446,673,0.6377,0.0416,0.0276,207.0,29.0,20.0,43.0
usopen,2014,W,train,92,12524,430,0.5653,0.0545,0.0168,124.0,28.0,19.0,41.0
wimbledon,2014,M,train,127,29348,936,0.6678,0.0302,0.0478,227.0,30.0,20.0,44.0
wimbledon,2014,W,train,126,18018,586,0.5874,0.0404,0.0228,135.0,29.0,19.0,44.0
ausopen,2015,M,train,104,23637,766,0.6435,0.0357,0.037,214.5,29.0,20.0,43.0
ausopen,2015,W,train,105,14462,482,0.5643,0.0526,0.0156,127.0,29.0,20.0,41.900000000000034
frenchopen,2015,M,train,102,22262,738,0.6269,0.0315,0.0251,210.0,29.0,20.0,42.0
frenchopen,2015,W,train,106,14717,497,0.5602,0.0446,0.0171,129.0,28.0,19.0,42.0
usopen,2015,M,train,87,18490,626,0.6402,0.04,0.0306,206.0,28.0,19.0,42.0
usopen,2015,W,train,89,12776,422,0.5717,0.0543,0.0151,133.0,28.5,20.0,43.900000000000034
wimbledon,2015,M,train,125,28586,940,0.667,0.0381,0.038,220.0,29.0,21.0,42.0
wimbledon,2015,W,train,127,17976,588,0.5884,0.0516,0.021,128.0,29.5,20.0,44.0
ausopen,2016,M,train,115,25296,825,0.646,0.0355,0.0355,210.0,29.0,20.0,43.0
ausopen,2016,W,train,116,15785,522,0.5729,0.0471,0.0185,122.0,29.0,19.0,43.900000000000034
frenchopen,2016,M,train,92,20434,663,0.6215,0.0308,0.0303,214.0,30.0,20.0,43.0
frenchopen,2016,W,train,84,11555,380,0.5558,0.0399,0.0211,132.0,30.0,19.0,43.0
usopen,2016,M,train,84,18147,599,0.6272,0.0517,0.0236,214.0,29.0,21.0,42.0
usopen,2016,W,train,83,11643,385,0.5711,0.0489,0.0195,130.0,29.0,20.0,42.60000000000002
wimbledon,2016,M,train,126,28976,932,0.6579,0.0345,0.038,223.0,29.0,20.0,43.0
ausopen,2017,M,train,118,26700,869,0.639,0.039,0.0304,214.5,29.0,21.0,42.0
ausopen,2017,W,train,109,15670,499,0.575,0.0533,0.0238,130.0,30.0,20.0,46.0
frenchopen,2017,M,train,123,25582,855,0.6227,0.0361,0.0291,198.0,29.0,19.0,43.0
frenchopen,2017,W,train,110,16034,522,0.5549,0.0421,0.0168,143.5,29.0,20.0,44.0
usopen,2017,M,train,79,16980,559,0.6358,0.0409,0.0304,208.0,29.0,20.0,43.0
usopen,2017,W,train,78,11705,376,0.5699,0.0508,0.0216,142.0,31.0,20.0,43.5
wimbledon,2017,M,train,127,27328,902,0.6618,0.0347,0.0385,212.0,29.0,20.0,42.0
wimbledon,2017,W,train,127,18192,593,0.5889,0.0444,0.0275,127.0,30.0,19.0,44.0
ausopen,2018,M,train,126,29114,926,0.6341,0.0,0.0,219.5,31.0,20.0,44.0
ausopen,2018,W,train,127,18426,592,0.5705,0.0,0.0,140.0,29.0,20.0,44.89999999999998
frenchopen,2018,M,train,127,28382,944,0.623,0.0,0.0,208.0,29.0,20.0,43.0
frenchopen,2018,W,train,126,17147,560,0.5598,0.0,0.0,128.5,29.0,19.0,44.0
usopen,2018,M,train,86,18753,621,0.6334,0.045,0.0315,208.0,29.0,19.0,42.0
usopen,2018,W,train,92,12742,422,0.5691,0.0556,0.0184,132.0,29.0,20.0,43.0
wimbledon,2018,M,train,127,29752,946,0.6628,0.0394,0.0445,231.0,30.0,20.0,44.0
wimbledon,2018,W,train,127,19008,600,0.5782,0.0543,0.023,138.0,30.0,21.0,45.0
ausopen,2019,M,val,127,29054,938,0.656,0.0,0.0,218.0,30.0,20.0,43.0
ausopen,2019,W,val,127,17609,592,0.5895,0.0,0.0,127.0,28.0,20.0,42.89999999999998
frenchopen,2019,M,val,127,28454,938,0.6237,0.0,0.0,214.0,28.5,20.0,44.0
frenchopen,2019,W,val,125,17731,584,0.5553,0.0,0.0,132.0,29.0,19.0,42.0
usopen,2019,M,val,125,29573,947,0.6297,0.0458,0.0361,235.0,30.0,21.0,43.0
usopen,2019,W,val,126,17818,582,0.573,0.0523,0.0162,138.0,29.0,20.0,42.0
wimbledon,2019,M,val,127,28562,923,0.6524,0.0364,0.0367,215.0,29.0,20.200000000000003,43.0
wimbledon,2019,W,val,127,17975,580,0.5799,0.0431,0.0167,132.0,30.0,21.0,42.0
ausopen,2020,M,val,126,28470,933,0.6458,0.0,0.0,203.5,29.0,20.0,42.0
ausopen,2020,W,val,127,18060,584,0.5729,0.0,0.0,132.0,30.0,19.300000000000004,44.0
frenchopen,2020,M,val,127,28294,910,0.602,0.0,0.0,205.0,30.0,19.0,44.0
frenchopen,2020,W,val,126,17979,586,0.5405,0.0,0.0,139.0,29.0,19.0,45.0
usopen,2020,M,val,124,27147,902,0.636,0.0405,0.0283,203.0,29.0,20.0,42.89999999999998
usopen,2020,W,val,124,17514,574,0.5815,0.048,0.0252,134.5,29.0,20.0,43.0
