arm,player_id,name,serve,return,serve_variance,return_variance
ordinary,102783,Rainer Schuettler,-0.1436506746982505,-0.10124917637199063,0.09276650929716163,0.11438619308254394
ordinary,102967,Marc Gicquel,-0.03710697908809207,-0.1485110029666862,0.34349777136668225,0.3431934030153877
ordinary,103096,Arnaud Clement,0.020825493870271636,0.00426735918943362,0.05408826638532724,0.047954548382568886
ordinary,103105,Ruben Ramirez Hidalgo,0.022742254227633235,0.08419287164023513,0.015934846444904442,0.017645796770024647
ordinary,103163,Tommy Haas,0.20326924851011285,0.25585818808709976,0.009416223573169602,0.009832859936212373
ordinary,103188,Michael Russell,-0.00820259482564668,0.21177555002494103,0.010273664112704976,0.011451149282209576
ordinary,103228,Marcos Daniel,-1.0802565491907872,-0.17972139475526028,0.5379108508622688,0.5287223461975707
ordinary,103285,Radek Stepanek,0.05119680003500264,0.2494633490602865,0.009975260697865956,0.011555132369547225
ordinary,103333,Ivo Karlovic,0.5257117001226207,0.02103716545162336,0.010896139798551245,0.012869485301638145
ordinary,103344,Ivan Ljubicic,0.24363182218858406,0.15303088871201992,0.013880417309753024,0.015328342177655482
ordinary,103401,Jan Hernych,-0.3010794296394665,0.05573586841568674,0.28081645991998316,0.29342497736196016
ordinary,103428,Juan Ignacio Chela,-0.014069201025210122,0.2658500273552904,0.010123278892473567,0.010215707740778299
ordinary,103429,Peter Luczak,-0.05573828129989,-0.30613059059032377,0.5089525895259357,0.5113302307530021
ordinary,103444,Jean Rene Lisnard,0.07685424232003112,-0.007769706112159407,0.11064381477936713,0.13694728381163335
ordinary,103451,Bjorn Phau,0.07126792498587352,-0.08670444846401157,0.02431939044449863,0.034639605274632765
ordinary,103470,Robert Kendrick,-0.1909148522389149,-0.3144306166878889,0.2109692314149021,0.2093795633218165
ordinary,103484,James Blake,0.02951747919467857,0.14755164177144275,0.010401019545525967,0.01059601931635775
ordinary,103507,Juan Carlos Ferrero,0.3049703205555302,0.191884207841338,0.012232965657835973,0.013273304242739672
ordinary,103534,Nicolas Devilder,0.17607736401143892,0.29169894029389337,0.03320317153210354,0.03462024957732124
ordinary,103565,Stephane Robert,-0.1942533889036699,0.09290198321454468,0.044288114707379755,0.045849426576347094
ordinary,103566,Michael Llodra,0.18621421472530494,0.07175864260032269,0.0110540476775039,0.012958800910695217
ordinary,103582,Michael Berrer,0.09536031905284074,0.14566324506938924,0.03232768837996057,0.035275355706846194
ordinary,103598,Xavier Malisse,0.19909187714796472,0.2686382157800285,0.008078420565597858,0.00786550504008021
ordinary,103602,Fernando Gonzalez,0.02365613293788743,-0.47961946737676975,0.08867282722915559,0.09757405661751428
ordinary,103656,Albert Montanes,0.24179374522566272,0.19485071232574003,0.02494556411530903,0.02594659620529547
ordinary,103672,Ricardo Mello,0.13169195315235221,0.15446068468572677,0.023396005304404752,0.02656191021815182
ordinary,103675,Diego Junqueira,-0.29160281833051227,0.3557942282631753,0.05809497342878134,0.0774542356624437
ordinary,103694,Olivier Rochus,-0.08428364486468791,-0.39364087730120756,0.02059004810683905,0.026971807116360793
ordinary,103720,Lleyton Hewitt,0.2118802690041742,0.17692790743990106,0.005213812335406113,0.005658725748425491
ordinary,103722,Florent Serra,0.12389214948497229,-0.0039965776378586,0.018726190585873295,0.023169043711118407
ordinary,103752,Simon Greul,-0.24565939023999986,0.012229250240747265,0.5081958375144877,0.5099553708776892
ordinary,103781,Jurgen Melzer,0.04554224900617179,0.22012786610218305,0.015199476349893597,0.015925828057322285
ordinary,103786,Nikolay Davydenko,0.08563793729727424,0.15545835313977566,0.015266082616270483,0.018576413101333317
ordinary,103794,Benjamin Becker,0.03583496291356178,0.11805315053368938,0.02102697734665969,0.019604953106167323
ordinary,103799,Eric Prodon,0.12536696775972406,0.1665049242368395,0.07241770017623139,0.08335383134333252
ordinary,103808,Potito Starace,0.38649755299405175,-0.2929021591639511,0.028268987107099998,0.04327194783105753
ordinary,103812,Victor Hanescu,0.2853027898101952,-0.4236880708375865,0.040423095201719494,0.05179591410872808
ordinary,103813,Jarkko Nieminen,0.012658422357574646,0.10911537899453187,0.0093073779284832,0.010665231409351428
ordinary,103819,Roger Federer,0.6356572520376911,0.5088681095479327,0.0021387155953773995,0.0018350792132356452
ordinary,103821,Danai Udomchoke,0.008161578515211047,0.2050747310800281,0.04230605177370972,0.047219700943289866
ordinary,103823,Denis Gremelmayr,-0.08284707129713477,-0.1343893393135132,0.5124463378199554,0.5102737562587629
ordinary,103835,Filippo Volandri,-0.06442805920213907,-0.027999732535622712,0.020234910398900283,0.023689846911503464
ordinary,103851,Conor Niland,-0.6633552503149736,-0.21221496717297803,0.12367799143829461,0.15719876073206063
ordinary,103852,Feliciano Lopez,0.36831059610995376,0.11666978987545326,0.005699208162553677,0.006227772715168975
ordinary,103857,Igor Kunitsyn,-0.28894967659916004,0.2201957590822637,0.045174761060271754,0.04862239344025966
ordinary,103888,Mardy Fish,0.45898315916851495,0.37390758479274605,0.004930138117026829,0.004345298835810059
ordinary,103893,Paolo Lorenzi,-0.25038808602746226,0.26742090244414396,0.021002690347823448,0.022156888976446253
ordinary,103898,Julien Benneteau,0.19299156927844377,0.1497701352670633,0.005306173619254251,0.005865242113786671
ordinary,103900,David Nalbandian,0.07755217753714973,0.4677238467883845,0.009019278765097484,0.008481742131976189
ordinary,103908,Paul Henri Mathieu,0.2640560795056913,0.1128379452728217,0.010089944026283295,0.009865176076604
ordinary,103917,Nicolas Mahut,0.06296566664498923,0.1095140515029667,0.008879706804031547,0.01077784671758907
ordinary,103970,David Ferrer,0.4747033843645386,0.4627820479666817,0.0024433347508882766,0.002297060760666112
ordinary,103971,Karol Beck,-0.012534325306472943,0.14011956041988294,0.022905104535769192,0.030327667051228066
ordinary,103990,Tommy Robredo,0.32578482324898167,0.032453585424342735,0.1056530018651466,0.10687839234861565
ordinary,103997,Lukasz Kubot,0.06266289091500993,0.266953522779015,0.013863242870018293,0.01411515194096321
ordinary,104022,Mikhail Youzhny,0.12511487943201582,0.3270708898120465,0.006380425014222858,0.006850295468369796
ordinary,104035,Bobby Reynolds,0.2728458560543727,-0.0983150564734118,0.06755143372113726,0.06440561756150709
ordinary,104053,Andy Roddick,0.5186630069626141,0.13400805346425415,0.005258593668622482,0.005260943507540666
ordinary,104068,Robby Ginepri,-0.05515476408080387,-0.11469206300878776,0.07251013887639657,0.07111128684934898
ordinary,104095,David Guez,0.0222497884322972,-0.15152714765462275,0.1790858683905212,0.1796221543897748
ordinary,104098,Dmitry Tursunov,0.1246555557615402,-0.23336722829681517,0.0334080921401588,0.03400659648929406
ordinary,104122,Carlos Berlocq,-0.11087631562708561,0.3143995472057293,0.024252165871007633,0.02481966746664832
ordinary,104166,Alex Bogomolov Jr,-0.08468858240281354,0.237677295747012,0.01878621561389226,0.023022710468811172
ordinary,104180,Gilles Muller,0.36121198085878814,-0.10555369615793302,0.008781083244640994,0.010130324876852403
ordinary,104192,Marco Crugnola,-0.2980703933364662,-0.17099860209358056,0.5128294234820943,0.5158870921628528
ordinary,104198,Guillermo Garcia Lopez,0.07603276309084406,0.03857958835616945,0.009657343379261423,0.01078994721675947
ordinary,104214,Igor Andreev,0.23572822124367931,0.1493980799293578,0.01848416105703726,0.018573714717965376
ordinary,104225,Jan Hajek,0.018254686617777627,0.042310783459094836,0.04987736760910402,0.04801029666001669
ordinary,104227,Augustin Gensse,0.0882315546087633,0.06617877159188144,0.09125032666919142,0.09352407375387328
ordinary,104229,Yen Hsun Lu,0.03335577864484119,0.08589475695573089,0.009108087702987768,0.00939733544028377
ordinary,104252,Florian Mayer,0.25149712766394505,0.35654541267772083,0.011682305473325773,0.010676385021638379
ordinary,104259,Philipp Kohlschreiber,0.33289827386372184,0.21021289179998812,0.005327202422127648,0.005059156190736365
ordinary,104262,Flavio Cipolla,-0.270693621754185,0.2764529140041709,0.026152642777432632,0.025842501582611022
ordinary,104268,Alejandro Falla,0.23239915260112587,0.1886281143885488,0.008706675614060515,0.008763231743045883
ordinary,104269,Fernando Verdasco,0.18761518030850433,0.11557297031856709,0.005967450290276172,0.006212960762901535
ordinary,104273,Edouard Roger-Vasselin,0.1872619126893712,0.02314088142068202,0.020222640017889284,0.027335653460211363
ordinary,104291,Malek Jaziri,-0.15584650804143566,-0.026421560943639635,0.036710798832325656,0.040165831291789744
ordinary,104297,Rogerio Dutra Silva,0.02341642036290914,-0.38000122617887105,0.021859641451456555,0.03288182899330675
ordinary,104312,Andreas Seppi,0.259558097357816,0.22504844251765646,0.00977232892460703,0.012819758078238597
ordinary,104327,Steve Darcis,0.31587955210029506,-0.14969484018159712,0.023038435349681287,0.025581069229179493
ordinary,104332,Philipp Petzschner,0.17792325733894265,0.21198690987495886,0.00898094242952083,0.009187076475044248
ordinary,104338,Juan Monaco,0.10741667378814945,0.2738594067082397,0.006414286023841102,0.006273781143199992
ordinary,104349,Rui Machado,-0.3499620594534918,0.1624818553360804,0.021047888467133964,0.024218724282772365
ordinary,104386,Janko Tipsarevic,0.392120223314939,0.30660951714916324,0.0033997641944515326,0.003193852617745828
ordinary,104417,Robin Soderling,0.238595561717787,0.2119648511602356,0.017360946657042332,0.017458460160423184
ordinary,104424,Go Soeda,0.18918979575847003,0.23401555022701534,0.021754937729482955,0.025552842857013276
ordinary,104433,Frank Dancevic,-0.1736798306666479,-0.13006989733354873,0.5108683995945705,0.5129856263231384
ordinary,104460,Dustin Brown,0.4137344801849286,0.05376650988167945,0.038143924106568305,0.05453500215696783
ordinary,104468,Gilles Simon,0.08852422618213322,0.31676003923320495,0.004565661372172861,0.004593758145444506
ordinary,104471,Ivan Dodig,-0.00527783467530149,-0.25767960269128987,0.027800245098188014,0.04003545737708111
ordinary,104476,Louk Sorensen,-0.027327087446372602,-0.09507757220321461,0.5122404659649586,0.5122404659649586
ordinary,104494,Adrian Ungur,0.6374128738661438,0.13100176100104607,0.03457183883623305,0.04444915683527473
ordinary,104499,Jimmy Wang,0.02032747633579205,0.1453336606378627,0.03764529469521416,0.03833582322620932
ordinary,104500,Somdev Devvarman,-0.07311373810884306,0.08063805939130861,0.02384919911389248,0.030997737590088614
ordinary,104523,Frederico Gil,-0.19651406924057022,-0.0904960880887347,0.04302275344340309,0.0498331922712429
ordinary,104527,Stan Wawrinka,0.2855872887763107,0.34458880766262356,0.004511335861040812,0.004439190541797232
ordinary,104534,Dudi Sela,0.04921370159998156,0.03923927673843064,0.030394663769237235,0.042628297529752196
ordinary,104542,Jo-Wilfried Tsonga,0.3808844367997672,0.3301364136264966,0.0026400299146256416,0.002695798966212852
ordinary,104545,John Isner,0.6149645766147348,-0.13774451398977866,0.004743154626401381,0.0048391174894489184
ordinary,104548,Brian Baker,0.20549290470253545,0.15039034658140407,0.01034920262521067,0.01105885584163923
ordinary,104559,Teymuraz Gabashvili,-0.1543200019412655,-0.23697164828245632,0.22135422438781432,0.22499458953612772
ordinary,104571,Marcos Baghdatis,0.17716995757879017,0.31105240979367815,0.005822250721914082,0.00647522312352299
ordinary,104579,Romain Jouan,-0.16795597496478795,-0.23081027692987044,0.07960698583716574,0.08678741047892424
ordinary,104586,Lukas Rosol,0.48475179135786645,-0.11717763378121547,0.013301853448656942,0.018619071381711937
ordinary,104593,Daniel Gimeno Traver,-0.09411615123346975,-0.13004390748913383,0.04962343877461972,0.07010913804495145
ordinary,104594,Marinko Matosevic,0.16311732584517394,0.1960927238735222,0.01732813902687499,0.02005179658035409
ordinary,104597,Nicolas Almagro,0.47570351679291695,0.17596690227698836,0.0035797690862067128,0.0034307461728837556
ordinary,104607,Tomas Berdych,0.46999969195173347,0.3721606794405912,0.003187866486240134,0.0031536449832993284
ordinary,104619,Jesse Huta Galung,-0.27065703746925085,-0.27910074733008405,0.135749731063455,0.1313987124850703
ordinary,104620,Simone Bolelli,0.13362367714697057,0.2979289562906153,0.021410077536000306,0.023028732276598317
ordinary,104623,Josh Goodall,-0.06053002568590819,-0.29090950197762694,0.351951476191674,0.35424649839281275
ordinary,104628,Alexander Kudryavtsev,0.04709205399475297,0.32516333409095943,0.04742206772716995,0.06617367252883877
ordinary,104660,Sergiy Stakhovsky,-0.31268030462572716,0.012624477122303052,0.01769759824091536,0.020382867155668765
ordinary,104665,Pablo Andujar,0.02692183965331671,0.11828562609301249,0.019085282474036326,0.01860833547980085
ordinary,104672,Vincent Millot,-0.21133507730477005,0.08689591915150453,0.5060844524881107,0.5057539891506985
ordinary,104676,Andreas Beck,-0.2327619363633403,-0.08768157107689044,0.06889092253675691,0.07366621771191526
ordinary,104678,Viktor Troicki,0.11453018467696774,0.29865741135541757,0.007518842798077652,0.007637148170529337
ordinary,104714,Julian Reister,-0.04442207208019815,-0.48316594776815985,0.2877935194657144,0.26337159330235926
ordinary,104719,Marcel Granollers,0.026877648048871466,-0.09358515928597302,0.017013325602131788,0.018223779567592715
ordinary,104724,Eduardo Schwank,0.3682877859687882,0.07670409085051438,0.044791556793304654,0.07068677354255098
ordinary,104731,Kevin Anderson,0.32906554913416275,0.12065111368798974,0.0075069392721229655,0.007640182663878271
ordinary,104735,Tobias Kamke,-0.039590037896714225,0.36095398755265456,0.010303329790245718,0.011547027010140118
ordinary,104745,Rafael Nadal,0.5822654634018178,0.663798132830776,0.0023564844042977466,0.0021986662468883385
ordinary,104755,Richard Gasquet,0.4317073399857501,0.365503024041928,0.004053894106232682,0.003973737100610186
ordinary,104779,Jamie Baker,0.07217951507464064,0.4500352539682807,0.04729295269588596,0.04902123556690796
ordinary,104792,Gael Monfils,0.16814612086882288,0.4284275755058268,0.010247509113093026,0.010402949766808289
ordinary,104797,Denis Istomin,0.23250152871368207,0.17660830170210068,0.009108676257829657,0.009562471519872332
ordinary,104813,Grega Zemlja,0.13738955397996136,-0.017197949863631684,0.019917119382264536,0.023402311703278847
ordinary,104850,Jonathan Dasnieres De Veigy,-0.14726452044905883,-0.09878918848237234,0.5088047754344186,0.508389237287203
ordinary,104864,Alex Kuznetsov,0.09338699931950291,-0.2440834375236035,0.054764828630080475,0.08090527001471004
ordinary,104868,James Ward,0.07114900132440755,0.38914649206541985,0.027746983912434686,0.037368403071278034
ordinary,104869,Sergei Bubka,0.08022868712787824,0.35115377792175534,0.06148145531728111,0.06468249774442636
ordinary,104871,Jeremy Chardy,0.3038056089449217,-0.01282648262986225,0.007967388114671315,0.008384837785893438
ordinary,104882,Blaz Kavcic,0.16631503079721055,0.34031244367423413,0.013637894298637099,0.016339858469041586
ordinary,104890,Andreas Haider Maurer,-0.03633287216359164,-0.1832510816390721,0.0778153204586208,0.07928795335456404
ordinary,104898,Robin Haase,0.09963963261493888,0.30183932843590444,0.010656236440894324,0.011284698848255868
ordinary,104918,Andy Murray,0.4093594518142024,0.595819598917285,0.001663560954083259,0.0015328886865964958
ordinary,104919,Leonardo Mayer,0.22674022273347388,-0.03525657028607651,0.013762656719474117,0.016338728177338398
ordinary,104925,Novak Djokovic,0.5669404015450938,0.6852236706487351,0.00172071395367233,0.0015455978064195222
ordinary,104926,Fabio Fognini,0.11614684077582796,0.288865920271741,0.008673218400753562,0.009252636282819877
ordinary,104932,Kenny De Schepper,0.3172784081841496,-0.06747741705519432,0.04648277988026672,0.06037974511033184
ordinary,104947,Marsel Ilhan,-0.2871637422973644,-0.7648210742286927,0.06718960295706977,0.08242079235295352
ordinary,104958,Carsten Ball,0.09295376497907375,-0.0182409123052626,0.507892586958325,0.5080111538209507
ordinary,104976,Ryan Sweeting,0.13951371573713595,0.07255978881702674,0.013118983833162803,0.017405554592322115
ordinary,104978,Daniel Brands,0.3071561822040861,-0.2730814617024322,0.027053928613380296,0.03940783587327712
ordinary,104979,Andrey Golubev,-0.12415315339019288,0.5223592361857964,0.02402114253296426,0.034278856607342215
ordinary,104997,Igor Sijsling,0.2937128510026852,-0.2111082080782731,0.03922957682282402,0.05509587304801977
ordinary,104999,Mischa Zverev,-0.1340095814592974,0.14588963848151199,0.04061674090310463,0.04211473361442375
ordinary,105011,Illya Marchenko,-0.2579393670301027,0.021667123104230995,0.36316268748980374,0.3632543597109177
ordinary,105023,Sam Querrey,0.39848414631553586,0.06937448773802386,0.00584872220273659,0.006402623296422076
ordinary,105028,Jesse Levine,0.09545227208564089,0.05686438908613542,0.023277097861281223,0.03131324348754399
ordinary,105041,Lukas Lacko,0.1913327186716526,-0.1295051138425678,0.011403548433617459,0.013365011253884148
ordinary,105051,Matthew Ebden,0.08731768390225828,0.2996785076626982,0.05977337463524715,0.06045598306281352
ordinary,105053,Santiago Giraldo,0.27478299406919576,0.22488361116447322,0.009762393127509872,0.011197627363630076
ordinary,105062,Mikhail Kukushkin,0.13135733156296295,0.341935965360572,0.012741634659455412,0.015156747025102685
ordinary,105064,Thomaz Bellucci,-0.019163007493901665,0.2929714298139605,0.013154248116208127,0.01423816183508281
ordinary,105065,Tim Smyczek,-0.11731706324606364,-0.19059404347216732,0.05180114455272278,0.06704411521504383
ordinary,105074,Ruben Bemelmans,-0.1492695694323409,0.09472247872477432,0.049715739122686786,0.07206570388447464
ordinary,105077,Albert Ramos,-0.1421118467805921,0.027644644561545292,0.017169678693168926,0.021098923178256585
ordinary,105099,Antonio Veic,-0.6436479093412573,0.08938620890601118,0.08747667164577166,0.08280949179603658
ordinary,105132,Jurgen Zopp,0.21636830049341976,-0.22956780088253445,0.02823750788019275,0.034381168231055206
ordinary,105137,Pere Riba,-0.7089400555980054,-0.3620945392210749,0.08476067030778407,0.11245185367295962
ordinary,105147,Tatsuma Ito,-0.07832707104451482,0.004967592608345159,0.020427817590178768,0.02156041750793696
ordinary,105154,Joao Souza,-0.17381710547453502,-0.26829167524073466,0.2634452428926688,0.26526204808237763
ordinary,105173,Adrian Mannarino,-0.057274692478549105,0.35334270565080494,0.024099799432696627,0.03132410464916824
ordinary,105208,Ernests Gulbis,0.41262660794143674,0.18997068208358264,0.014498012006068695,0.01404272941871746
ordinary,105217,Thiemo De Bakker,0.48439351568225925,-0.3417701923635329,0.07070626821206655,0.10085319893240685
ordinary,105223,Juan Martin del Potro,0.42840095049668303,0.31653316023313455,0.0029572528835681484,0.0029617744428591755
ordinary,105227,Marin Cilic,0.30292626202805045,0.3804044167355626,0.004472357898729638,0.004380326772575647
ordinary,105238,Alexandr Dolgopolov,0.3254718017999836,0.23647813423236685,0.00714083915135349,0.006542361749183334
ordinary,105270,Maxime Teixeira,-0.13720135231679415,0.052072646920702875,0.07748425590717811,0.09476600398156554
ordinary,105286,Greg Jones,0.0032167630526795943,0.1140527285615477,0.04956145357373709,0.06775626585773853
ordinary,105318,Thomas Schoorel,0.0977702553710474,-0.02865261555933215,0.09910414971167791,0.10218282851171456
ordinary,105332,Benoit Paire,-0.07072175678061696,0.257135354147328,0.008547658614963333,0.009460999525237181
ordinary,105373,Martin Klizan,0.16202107387308556,0.2534904984743992,0.012288608940516213,0.013548646867063602
ordinary,105385,Donald Young,-0.06289203095146073,0.18967577364281388,0.008974255862058094,0.009673839855461518
ordinary,105449,Steve Johnson,0.2675649630340029,-0.1485028436477892,0.019537586547061253,0.025432467013348038
ordinary,105453,Kei Nishikori,0.19102035009861895,0.3054219110033309,0.007432349308160601,0.007189525709490156
ordinary,105558,Guillaume Rufin,0.023169316112721286,-0.15390131777820412,0.011848473626729117,0.01705143192474387
ordinary,105575,Ricardas Berankis,-0.08011519138008483,0.27851158817864274,0.14755110709445599,0.15283306053585216
ordinary,105614,Bradley Klahn,0.043433851355994146,0.15654004136680771,0.0211848037632404,0.024282085372905944
ordinary,105649,Cedrik Marcel Stebe,-0.18969826109067228,0.2021160760339596,0.024114542063253926,0.028917955719872122
ordinary,105668,Jerzy Janowicz,0.39774531409198904,0.17781113269243817,0.04582501030725927,0.04940297006941119
ordinary,105676,David Goffin,0.2844693080568157,0.21970925631163502,0.008101558699557174,0.008746149302241938
ordinary,105683,Milos Raonic,0.472002004197298,0.044165309159391465,0.006429507211357684,0.0062661343536219065
ordinary,105733,Rhyne Williams,0.2585590165508999,-0.2754103959360693,0.057261788126633184,0.0666445969695535
ordinary,105777,Grigor Dimitrov,0.0921091816414985,0.20142051225571944,0.006583735300657707,0.0072968607049696925
ordinary,105819,Guido Andreozzi,0.07166509351425777,-0.578877414698582,0.05051581252388215,0.0685963244793506
ordinary,105902,James Duckworth,0.28640173750547565,0.019734506974493637,0.0383259753660124,0.053161221794711555
ordinary,105992,Ryan Harrison,0.1962067287083674,0.18426985657020947,0.006418612542493897,0.0070799886991635
ordinary,106058,Jack Sock,0.33115469878177306,0.11449019099129919,0.014335719066765399,0.01600545830725797
ordinary,106071,Bernard Tomic,0.1523461447948815,0.15282973891977805,0.00521413865947747,0.0057628195103908006
ordinary,106093,Benjamin Mitchell,-0.12949073794630592,0.10616536559647446,0.0563759861317239,0.06594344187905576
ordinary,106244,Oliver Golding,0.11882181411447623,0.052504667144720685,0.05896569020666986,0.06558921788035066
ordinary,106261,Dennis Novikov,0.1212100543030056,0.0136093479487911,0.034138344466936754,0.033892024452307656
huber_2.5,102783,Rainer Schuettler,-0.21532792097644093,-0.10607622139078321,0.09287175831791711,0.11425782165381515
huber_2.5,102967,Marc Gicquel,-0.03710697908809207,-0.1485110029666862,0.34349777136668225,0.3431934030153877
huber_2.5,103096,Arnaud Clement,0.004436206701891942,-0.004795129433647811,0.05409458126044905,0.04794615425254144
huber_2.5,103105,Ruben Ramirez Hidalgo,-0.0168229089265243,0.04815899410041663,0.01596831895620803,0.01784207124056261
huber_2.5,103163,Tommy Haas,0.18931600896515866,0.23621016352147126,0.00943671976900239,0.009658506324899147
huber_2.5,103188,Michael Russell,-0.03453193198003246,0.16749110814862098,0.010255002562563207,0.011428014440065448
huber_2.5,103228,Marcos Daniel,-0.4679502219525225,-0.17972139475526028,0.5379108508622688,0.5287223461975707
huber_2.5,103285,Radek Stepanek,0.021117653507650068,0.20209295005126499,0.009981975184212209,0.01155506416017819
huber_2.5,103333,Ivo Karlovic,0.4869218026205743,-0.02997550567326776,0.010940555324181415,0.012936073027646013
huber_2.5,103344,Ivan Ljubicic,0.2108175491390329,0.12360696794260694,0.01392375090712154,0.015249988631272651
huber_2.5,103401,Jan Hernych,-0.3010794296394665,0.047034033613541346,0.28081645991998316,0.2932142396602323
huber_2.5,103428,Juan Ignacio Chela,-0.06762269455097691,0.2789336498239252,0.010081639307748308,0.010185873914669887
huber_2.5,103429,Peter Luczak,-0.05573828129989,-0.263076539423054,0.5089525895259357,0.5113302307530021
huber_2.5,103444,Jean Rene Lisnard,-0.029438143062362816,-0.014780751984127358,0.11048203597576622,0.13668418829849316
huber_2.5,103451,Bjorn Phau,0.03463801373638457,-0.09965646455635505,0.02440418979607867,0.033707475171674356
huber_2.5,103470,Robert Kendrick,-0.1909148522389149,-0.2903561276914263,0.2109692314149021,0.20952941447478546
huber_2.5,103484,James Blake,-0.012664970624714979,0.09266709925910739,0.010478410027337522,0.010496509190931945
huber_2.5,103507,Juan Carlos Ferrero,0.22459144167703163,0.1285627014503323,0.012199153350619597,0.01325337840414597
huber_2.5,103534,Nicolas Devilder,0.14875560315173988,0.26959960045209375,0.03321186899615583,0.03440268665604511
huber_2.5,103565,Stephane Robert,-0.07065947461873032,0.0767909975981726,0.04439378003717022,0.04568747077365384
huber_2.5,103566,Michael Llodra,0.12777336814110543,0.04559553999820771,0.011076446526502196,0.012788835109210563
huber_2.5,103582,Michael Berrer,0.08938275926172297,0.13573109566057995,0.03227873802775508,0.03507038473587326
huber_2.5,103598,Xavier Malisse,0.18134377599218254,0.2538809090407521,0.008109343480130081,0.007838387400941877
huber_2.5,103602,Fernando Gonzalez,0.017787205078996882,-0.45031041766504726,0.08874736187635213,0.0984641419384159
huber_2.5,103656,Albert Montanes,0.17780194351804385,0.08500640411803478,0.024637816533218046,0.026139382032946634
huber_2.5,103672,Ricardo Mello,0.07533366447175587,0.11337143485449275,0.023289177739030026,0.026462662878715938
huber_2.5,103675,Diego Junqueira,-0.3309719938974164,0.3281997066023721,0.05823801263657713,0.07667594704014558
huber_2.5,103694,Olivier Rochus,-0.1268020175784112,-0.41471281503045565,0.020564749059220868,0.026871899182626103
huber_2.5,103720,Lleyton Hewitt,0.17840557419056294,0.16334244317230046,0.005215874477218463,0.005613677737972226
huber_2.5,103722,Florent Serra,0.08574226173265895,-0.06839119723446427,0.018795825509411376,0.023451301019709728
huber_2.5,103752,Simon Greul,-0.2244645574662059,0.012229250240747265,0.5081958375144877,0.5099553708776892
huber_2.5,103781,Jurgen Melzer,0.03503473999634676,0.22059131256274586,0.015221655234520185,0.015936385132842932
huber_2.5,103786,Nikolay Davydenko,0.045301217095303374,0.1244374949189507,0.015272081718687412,0.01846414545858645
huber_2.5,103794,Benjamin Becker,0.00944828129256478,0.04008424436574487,0.021050048339924944,0.019766921242144676
huber_2.5,103799,Eric Prodon,0.10658670692097583,0.1026430277984756,0.0723449028863945,0.08184038875518274
huber_2.5,103808,Potito Starace,0.34826719317276,-0.32402161425190157,0.028227644341244466,0.04303233951578026
huber_2.5,103812,Victor Hanescu,0.29258386481541293,-0.4304045229543375,0.039982305034092606,0.0516846173075164
huber_2.5,103813,Jarkko Nieminen,-0.0003635947844956508,0.0749984389198907,0.009294764856298085,0.01063163521998604
huber_2.5,103819,Roger Federer,0.6049111700475883,0.4689566711330462,0.0021420080511658675,0.0018360387982761595
huber_2.5,103821,Danai Udomchoke,-0.010746485067213075,0.1259750305565465,0.042304208373748375,0.04621182395457679
huber_2.5,103823,Denis Gremelmayr,-0.08284707129713477,-0.1343893393135132,0.5124463378199554,0.5102737562587629
huber_2.5,103835,Filippo Volandri,-0.09706183240172353,-0.13119739834945976,0.020265495131771765,0.02381784341189297
huber_2.5,103851,Conor Niland,-0.688748064112557,-0.22265546049329366,0.12340435007766926,0.15630589732736688
huber_2.5,103852,Feliciano Lopez,0.29003167706371774,0.07490228619482517,0.005691723878324521,0.006229913874121574
huber_2.5,103857,Igor Kunitsyn,-0.24106403839679116,0.11759404066641357,0.04601031555775214,0.0470528975328245
huber_2.5,103888,Mardy Fish,0.4275915016160442,0.32858665517159685,0.004927758785364796,0.00433280952093025
huber_2.5,103893,Paolo Lorenzi,-0.29041499831297085,0.22211087019536904,0.02098268971005257,0.02206334388182049
huber_2.5,103898,Julien Benneteau,0.15138285158218517,0.11645681048787783,0.005302930012789816,0.00584875752470082
huber_2.5,103900,David Nalbandian,0.05086755952754333,0.43926451699564795,0.009022748016079649,0.008497052828859753
huber_2.5,103908,Paul Henri Mathieu,0.08397318512620044,0.09257142356252498,0.00997869332823239,0.009826724075789172
huber_2.5,103917,Nicolas Mahut,0.0010314516835856595,0.07826805346883477,0.008887182867266002,0.010767961145846286
huber_2.5,103970,David Ferrer,0.4387506982927498,0.4222504336690441,0.0024469371453739517,0.002293438268486191
huber_2.5,103971,Karol Beck,-0.046751576653665,0.11698849461151942,0.022907786431259767,0.030110958194743492
huber_2.5,103990,Tommy Robredo,0.2942610944004634,0.0282185455811213,0.10565466272185878,0.10684629786620266
huber_2.5,103997,Lukasz Kubot,0.012766219782223979,0.26916802219020136,0.013817262829675794,0.014104703084533812
huber_2.5,104022,Mikhail Youzhny,0.08574855343567939,0.2952084995064244,0.0063969423004929,0.0068472269532387125
huber_2.5,104035,Bobby Reynolds,0.2309794464153488,-0.11648598923511287,0.06820984879960756,0.0642277678144797
huber_2.5,104053,Andy Roddick,0.4941436604155586,0.09752117141402214,0.00526526109906357,0.005276869588029005
huber_2.5,104068,Robby Ginepri,-0.07195848007852997,-0.13051376517147378,0.07275537011354333,0.0706733238787649
huber_2.5,104095,David Guez,-0.01587965241257885,-0.15152714765462275,0.17924183779871428,0.1796221543897748
huber_2.5,104098,Dmitry Tursunov,0.10409418926327804,-0.28501226899879784,0.03342087596181581,0.034017398711856786
huber_2.5,104122,Carlos Berlocq,-0.22074054425949208,0.29463631910833143,0.024234567935176143,0.024780269070239336
huber_2.5,104166,Alex Bogomolov Jr,-0.10867920636630964,0.12546262734393931,0.01878639689853845,0.022852564348094496
huber_2.5,104180,Gilles Muller,0.31610060447597643,-0.12299355999455175,0.008654167592528985,0.010127323065118649
huber_2.5,104192,Marco Crugnola,-0.279511127554973,-0.17099860209358056,0.5128294234820943,0.5158870921628528
huber_2.5,104198,Guillermo Garcia Lopez,0.04480836565939744,-0.04648694295279586,0.009591387193945727,0.010925794289177832
huber_2.5,104214,Igor Andreev,0.23009095243770172,0.05535739215147022,0.018504242470000938,0.018461462247211825
huber_2.5,104225,Jan Hajek,-0.0024741891656537285,0.018231658127613626,0.04984010488834201,0.047649758088805644
huber_2.5,104227,Augustin Gensse,0.08178335193240788,0.053041311365057686,0.09125451528004669,0.09341475146932365
huber_2.5,104229,Yen Hsun Lu,-0.04829447645388189,0.038465980090238605,0.008937561087064366,0.00942378567164386
huber_2.5,104252,Florian Mayer,0.21200560333198848,0.33560811646162264,0.011715674997298968,0.010717152886699624
huber_2.5,104259,Philipp Kohlschreiber,0.3025681609614915,0.1699894588070955,0.005280968439258699,0.005044993822998409
huber_2.5,104262,Flavio Cipolla,-0.32487276249704633,0.1723884495494101,0.026135687281044373,0.025523910276143057
huber_2.5,104268,Alejandro Falla,0.2050851876414971,0.14699820139733155,0.008718052865488417,0.008769259693215584
huber_2.5,104269,Fernando Verdasco,0.17625534965030706,0.08980104048424989,0.0059796061359433305,0.006211443138041782
huber_2.5,104273,Edouard Roger-Vasselin,0.14032925970024884,-0.001707003090723469,0.02025220836625601,0.027474789733141144
huber_2.5,104291,Malek Jaziri,-0.19221422303911942,-0.05168281445116378,0.03656350870801223,0.040043755405457196
huber_2.5,104297,Rogerio Dutra Silva,-0.008925174748669079,-0.3964413747724281,0.021832148395884897,0.032645485508349004
huber_2.5,104312,Andreas Seppi,0.18492516131090117,0.20929533945447198,0.00979429556045944,0.01274661296372058
huber_2.5,104327,Steve Darcis,0.29954093266057935,-0.14981784992866648,0.0231687195022907,0.025632337378356913
huber_2.5,104332,Philipp Petzschner,0.1361497947785958,0.12430054993551401,0.008988987303822468,0.009263298548091254
huber_2.5,104338,Juan Monaco,0.03691302580381246,0.24166822668234958,0.006388460086683917,0.006241260113686503
huber_2.5,104349,Rui Machado,-0.3605030071979073,0.060112369001545846,0.021049332136686964,0.024285817227614272
huber_2.5,104386,Janko Tipsarevic,0.35593621827393523,0.2655574286844459,0.0033961780069193363,0.003205154707046646
huber_2.5,104417,Robin Soderling,0.2775771031300034,0.14534360666756,0.01745224296382687,0.017464412607313684
huber_2.5,104424,Go Soeda,0.12545439492398303,0.2107713515488099,0.021615837569826532,0.025405380659128646
huber_2.5,104433,Frank Dancevic,-0.1736798306666479,-0.13006989733354873,0.5108683995945705,0.5129856263231384
huber_2.5,104460,Dustin Brown,0.3737185566812065,0.02030414656563676,0.03825701737937515,0.053729401126711096
huber_2.5,104468,Gilles Simon,0.04861988549097246,0.29161528794807207,0.004541798586797769,0.004584412345833689
huber_2.5,104471,Ivan Dodig,-0.055477706375769514,-0.29182113045991837,0.027906018215321567,0.03965250134370809
huber_2.5,104476,Louk Sorensen,-0.027327087446372602,-0.09507757220321461,0.5122404659649586,0.5122404659649586
huber_2.5,104494,Adrian Ungur,0.43350649929919716,0.10485454561127491,0.03455654848302292,0.04393587940695465
huber_2.5,104499,Jimmy Wang,-0.003120704456722361,0.10626594674412797,0.03771608469346743,0.0379466395822603
huber_2.5,104500,Somdev Devvarman,-0.10372035884439315,0.0464057560836333,0.02385181024808784,0.030858006472794665
huber_2.5,104523,Frederico Gil,-0.21965320189014764,-0.11253722525189917,0.043070592778888264,0.049339122881416106
huber_2.5,104527,Stan Wawrinka,0.27226769365778897,0.31771873423634794,0.004525702745816247,0.004433586937619259
huber_2.5,104534,Dudi Sela,0.004189816058730256,-0.14650951475820162,0.030487469937509903,0.042388596869867505
huber_2.5,104542,Jo-Wilfried Tsonga,0.35813177288252074,0.29420184967992813,0.002640926668091059,0.002688510441523065
huber_2.5,104545,John Isner,0.5922191461319173,-0.15446792495642325,0.004754701716969017,0.004821081959689998
huber_2.5,104548,Brian Baker,0.17591463900080515,0.1220786741704693,0.010375825940991106,0.010995320975438205
huber_2.5,104559,Teymuraz Gabashvili,-0.1543200019412655,-0.23697164828245632,0.22135422438781432,0.22499458953612772
huber_2.5,104571,Marcos Baghdatis,0.13851104121736146,0.2792889624210656,0.005827327961742007,0.006448802632843307
huber_2.5,104579,Romain Jouan,-0.17286791531183707,-0.23543865635507888,0.07963739815423232,0.0865877711402574
huber_2.5,104586,Lukas Rosol,0.33355738481687003,-0.07351291314764893,0.01319231370227057,0.01744806156883355
huber_2.5,104593,Daniel Gimeno Traver,-0.14741950288090833,-0.16205692387515458,0.04975669009534178,0.06912422059032164
huber_2.5,104594,Marinko Matosevic,0.12407171073102077,0.13258031313704524,0.017371361599620626,0.01996435982637957
huber_2.5,104597,Nicolas Almagro,0.41500239327670246,0.12415330390620763,0.003579124967080116,0.003436548069126334
huber_2.5,104607,Tomas Berdych,0.44596263007966436,0.3195146567579088,0.0032052898924781344,0.0031548908372708373
huber_2.5,104619,Jesse Huta Galung,-0.27065703746925085,-0.2624846069026645,0.135749731063455,0.13139367775263233
huber_2.5,104620,Simone Bolelli,0.10460940400609643,0.25667050593432483,0.021408528737562754,0.022982336536674614
huber_2.5,104623,Josh Goodall,-0.06053002568590819,-0.29090950197762694,0.351951476191674,0.35424649839281275
huber_2.5,104628,Alexander Kudryavtsev,0.009277321998933778,0.2919286981359767,0.04741121216933608,0.06524474197804164
huber_2.5,104660,Sergiy Stakhovsky,-0.31832983517362695,-0.004551505252098596,0.01768116636945681,0.020409130210916476
huber_2.5,104665,Pablo Andujar,0.005315212604792091,0.0902292772594398,0.019053071730948938,0.01868723732113472
huber_2.5,104672,Vincent Millot,-0.19381710715179576,0.08689591915150453,0.5060844524881107,0.5057539891506985
huber_2.5,104676,Andreas Beck,-0.23485152307921792,-0.09509122762527103,0.06890664660924346,0.07362151764378616
huber_2.5,104678,Viktor Troicki,0.08435020980009508,0.28446806219142845,0.0074957636984031035,0.0075714618234612886
huber_2.5,104714,Julian Reister,-0.04442207208019815,-0.39838115092535237,0.2877935194657144,0.2634394113691221
huber_2.5,104719,Marcel Granollers,-0.008546116983516122,-0.1648275206688159,0.017011790760994405,0.018089389334432618
huber_2.5,104724,Eduardo Schwank,0.3254596072377305,0.033302857283539766,0.044580729822466525,0.06925907715262458
huber_2.5,104731,Kevin Anderson,0.2744219468671329,0.10209093474547333,0.007537872481861629,0.007623115743217446
huber_2.5,104735,Tobias Kamke,-0.06894573265712714,0.3061765321786655,0.010274204788145318,0.011574345018664531
huber_2.5,104745,Rafael Nadal,0.5496550215133,0.6342521941315896,0.002348288526665402,0.0021996445032560585
huber_2.5,104755,Richard Gasquet,0.38117476869370603,0.30998178805537635,0.0040487243471398395,0.003982706899743385
huber_2.5,104779,Jamie Baker,0.028326521592224138,0.42638162662961726,0.047768606807808145,0.04863009777731442
huber_2.5,104792,Gael Monfils,0.09387312154918746,0.43643728509451907,0.010273689832849259,0.010379507550745197
huber_2.5,104797,Denis Istomin,0.19870954256806295,0.128222890812778,0.009110938567948729,0.009588993676273389
huber_2.5,104813,Grega Zemlja,0.10227628027663156,-0.029412793464712678,0.020010483290252252,0.02324389690164173
huber_2.5,104850,Jonathan Dasnieres De Veigy,-0.14726452044905883,-0.09878918848237234,0.5088047754344186,0.508389237287203
huber_2.5,104864,Alex Kuznetsov,0.06252693493336958,-0.2775778354089125,0.05463747187801771,0.07952939544144233
huber_2.5,104868,James Ward,0.04555898830643523,0.2684939764648085,0.02782462048098766,0.0368413267476593
huber_2.5,104869,Sergei Bubka,0.03624359371288182,0.3006145959151873,0.06175022749257075,0.06349861453698202
huber_2.5,104871,Jeremy Chardy,0.202060241099703,-0.06700306449279218,0.008034067019131971,0.008345285700875043
huber_2.5,104882,Blaz Kavcic,0.04729834263864596,0.31985146333507064,0.013681969166199154,0.016353002865388794
huber_2.5,104890,Andreas Haider Maurer,-0.0739695833660329,-0.1805512921835995,0.07796503003543956,0.07925251653549048
huber_2.5,104898,Robin Haase,0.06685950576649313,0.25445447152053996,0.010662682373307954,0.011422304780241518
huber_2.5,104918,Andy Murray,0.3648829036760321,0.5630504238979266,0.0016610206219344332,0.0015335106421646204
huber_2.5,104919,Leonardo Mayer,0.21444875203806155,-0.036724375106369465,0.013805403780858556,0.0161041033703993
huber_2.5,104925,Novak Djokovic,0.5314505515526401,0.648382257958851,0.0017218723791326764,0.0015453976148860006
huber_2.5,104926,Fabio Fognini,0.08537927664066541,0.2505887261067398,0.008602216538016487,0.00929866777844153
huber_2.5,104932,Kenny De Schepper,0.2774194246781769,-0.09865682819817458,0.046626629597485425,0.05948836188933071
huber_2.5,104947,Marsel Ilhan,-0.33553779062261485,-0.5902427298165142,0.06758139842434752,0.08286908826556283
huber_2.5,104958,Carsten Ball,0.09295376497907375,-0.0182409123052626,0.507892586958325,0.5080111538209507
huber_2.5,104976,Ryan Sweeting,0.10234606092463691,0.03944734514309886,0.013122035707363824,0.017360522736214253
huber_2.5,104978,Daniel Brands,0.25287786883116964,-0.32021178929584004,0.027187427627732186,0.03874618845681932
huber_2.5,104979,Andrey Golubev,-0.15674038817824631,0.39721377568581867,0.024058948182010972,0.03410149800588873
huber_2.5,104997,Igor Sijsling,0.2541510506513221,-0.24132731432003765,0.03926285509175653,0.05433394984225437
huber_2.5,104999,Mischa Zverev,-0.1701981473738657,0.11111132082711288,0.040681068845283885,0.041872375161230435
huber_2.5,105011,Illya Marchenko,-0.2579393670301027,0.021667123104230995,0.36316268748980374,0.3632543597109177
huber_2.5,105023,Sam Querrey,0.35342766465725917,0.025387441507959928,0.005893620552861188,0.006364074947441052
huber_2.5,105028,Jesse Levine,0.07045201481430563,0.01630846806991762,0.023295067055573902,0.031395179231218893
huber_2.5,105041,Lukas Lacko,0.043982196045543945,-0.1978014900172401,0.011060625188674577,0.013728442210167224
huber_2.5,105051,Matthew Ebden,0.025892553277074126,0.25764611816631944,0.060092309542591454,0.06015351737788596
huber_2.5,105053,Santiago Giraldo,0.24328896899307828,0.2040293557215087,0.009767478387723,0.011326748594466238
huber_2.5,105062,Mikhail Kukushkin,0.192325356761729,0.13743422506365338,0.012671364163363185,0.015334754714083876
huber_2.5,105064,Thomaz Bellucci,-0.004920706076675767,0.26181153738956203,0.013196212112561473,0.014124633061187638
huber_2.5,105065,Tim Smyczek,-0.1540228647959523,-0.22813793241774005,0.0519391503203418,0.06632234800291559
huber_2.5,105074,Ruben Bemelmans,-0.1933383569372334,0.04904485962320916,0.05009944027390911,0.07062496473814894
huber_2.5,105077,Albert Ramos,-0.12209003884657149,0.027269277654573654,0.017168940255905627,0.020823793229127748
huber_2.5,105099,Antonio Veic,-0.5755722665916323,0.033988898423262415,0.0874814031098437,0.082350784887255
huber_2.5,105132,Jurgen Zopp,0.15225688193368586,-0.2613812148739404,0.027860822136239468,0.034171085395077655
huber_2.5,105137,Pere Riba,-0.7458473901843256,-0.4123084519413202,0.0846026744787293,0.1096990231417693
huber_2.5,105147,Tatsuma Ito,-0.1141335048737064,-0.03141372860467674,0.020431040163743627,0.021449685868211704
huber_2.5,105154,Joao Souza,-0.17381710547453502,-0.2560918712218468,0.2634452428926688,0.26526204808237763
huber_2.5,105173,Adrian Mannarino,-0.0852760034404908,-0.008179970364420808,0.024109421683214134,0.031129833180011994
huber_2.5,105208,Ernests Gulbis,0.34357285842619956,0.19450848711056648,0.014073593113406623,0.014059271976320559
huber_2.5,105217,Thiemo De Bakker,0.33088538006462304,-0.35133254968544525,0.07010107377304592,0.10039325972678542
huber_2.5,105223,Juan Martin del Potro,0.4044599135129977,0.2783000676167903,0.0029720421908006438,0.002965748677922556
huber_2.5,105227,Marin Cilic,0.24004417769917546,0.3277615353742913,0.00446276573308299,0.0044054350812997
huber_2.5,105238,Alexandr Dolgopolov,0.3024041452015482,0.23157547798375305,0.007133526425990699,0.006553393147937934
huber_2.5,105270,Maxime Teixeira,-0.14671377428364302,0.031069596589571008,0.07749821785200289,0.09466886179561712
huber_2.5,105286,Greg Jones,-0.017837447539463258,0.08478110683319667,0.04967662985837529,0.06719750731445628
huber_2.5,105318,Thomas Schoorel,0.09174987515166613,-0.04042288208953108,0.09911879355111985,0.10201809741284418
huber_2.5,105332,Benoit Paire,-0.10015649448960276,0.22927500812739052,0.008521772625270907,0.009450315918279398
huber_2.5,105373,Martin Klizan,0.12015658488887387,0.05023978782590574,0.012327716365400348,0.01394437601514829
huber_2.5,105385,Donald Young,-0.12336266340936226,0.13918238816086126,0.0089690097474757,0.009728783071221794
huber_2.5,105449,Steve Johnson,0.12068944117207074,-0.2027709400147983,0.019253035438087464,0.025050493381162654
huber_2.5,105453,Kei Nishikori,0.14565578304435747,0.2646644305996011,0.007431200478162073,0.007202615197437366
huber_2.5,105558,Guillaume Rufin,-0.008025272348836794,-0.1989932486198881,0.01191036593594097,0.017003472654870413
huber_2.5,105575,Ricardas Berankis,0.12407160830285313,0.2631961685504911,0.14755110709445599,0.15291302242650956
huber_2.5,105614,Bradley Klahn,0.020587693812876673,0.12987744669772538,0.021258235532347028,0.024149122963750946
huber_2.5,105649,Cedrik Marcel Stebe,-0.19120850910940157,0.15997291530812166,0.02427186636146432,0.02890569945753843
huber_2.5,105668,Jerzy Janowicz,0.35389832563832446,0.10559100814855472,0.04617342551195469,0.04889974095919003
huber_2.5,105676,David Goffin,0.21149164706962015,0.19278049068403794,0.007970252976506761,0.008765041139396974
huber_2.5,105683,Milos Raonic,0.4313825366868162,0.021178269209250783,0.006371167586202867,0.006249991673697507
huber_2.5,105733,Rhyne Williams,0.22013810134236486,-0.2926519972084977,0.057654386028597404,0.06612293297512262
huber_2.5,105777,Grigor Dimitrov,0.055705704698065475,0.12206567297844756,0.006580014926071987,0.007408754314363665
huber_2.5,105819,Guido Andreozzi,0.03508472163101497,-0.5871307518238432,0.05065149799981705,0.06786210365108802
huber_2.5,105902,James Duckworth,0.22093110265952384,-0.030290837133111245,0.03861607060605304,0.052309370840286695
huber_2.5,105992,Ryan Harrison,0.15399436964721527,0.14106747275829123,0.006430031773006104,0.0070248165129380225
huber_2.5,106058,Jack Sock,0.21909757050775625,0.03401982979693073,0.014118496228088863,0.016016796388734544
huber_2.5,106071,Bernard Tomic,0.12930433676950906,0.15383993338413393,0.005228798290514002,0.0057152082524564414
huber_2.5,106093,Benjamin Mitchell,-0.155878873111804,0.07819979838531481,0.05667134843385224,0.06522098173764213
huber_2.5,106244,Oliver Golding,0.09233968794967769,0.05779578880507503,0.059427526632948036,0.06566204974691736
huber_2.5,106261,Dennis Novikov,0.08953540876736735,-0.027158738801981237,0.03427655233637117,0.033520571237727226
block_16,102783,Rainer Schuettler,-0.1436506746982505,-0.10124917637199063,0.09276650929716163,0.11438619308254394
block_16,102967,Marc Gicquel,-0.03710697908809207,-0.1485110029666862,0.34349777136668225,0.3431934030153877
block_16,103096,Arnaud Clement,0.019966112737941782,0.004990167015335061,0.05408328195406045,0.04795396661166472
block_16,103105,Ruben Ramirez Hidalgo,0.02077729109944601,0.08047231825724814,0.015936747716543083,0.017642105215520176
block_16,103163,Tommy Haas,0.20436584170237238,0.25733769119046185,0.009418660985673741,0.00983150693840004
block_16,103188,Michael Russell,-0.005398910053311352,0.21537162208863264,0.01027135151243521,0.01146355741109929
block_16,103228,Marcos Daniel,-1.0802565491907872,-0.17972139475526028,0.5379108508622688,0.5287223461975707
block_16,103285,Radek Stepanek,0.05268241650981585,0.2485879836806411,0.009972419725538287,0.011552291387536781
block_16,103333,Ivo Karlovic,0.5284927029216395,0.02502372295614956,0.010888073894617795,0.012896064392993359
block_16,103344,Ivan Ljubicic,0.2622216321916846,0.13001594467890804,0.01401299408365951,0.015400476070066432
block_16,103401,Jan Hernych,-0.3010794296394665,0.05573586841568674,0.28081645991998316,0.29342497736196016
block_16,103428,Juan Ignacio Chela,-0.014136019786501225,0.2656856542222875,0.010123339724764799,0.010215353653979296
block_16,103429,Peter Luczak,-0.05573828129989,-0.30613059059032377,0.5089525895259357,0.5113302307530021
block_16,103444,Jean Rene Lisnard,0.07518922218587032,-0.00806328929068812,0.11062893784360739,0.13693647262330577
block_16,103451,Bjorn Phau,0.06641983969974061,-0.09318144059722949,0.024348269766038252,0.03462064839501325
block_16,103470,Robert Kendrick,-0.1909148522389149,-0.3144306166878889,0.2109692314149021,0.2093795633218165
block_16,103484,James Blake,0.028828874603566493,0.14690627454926475,0.01040356194498935,0.010594930545505143
block_16,103507,Juan Carlos Ferrero,0.3019736052466324,0.19048267892505194,0.012236234957097898,0.013272014816478873
block_16,103534,Nicolas Devilder,0.17571669812828425,0.29161986153787217,0.03320399273918001,0.03461931019755457
block_16,103565,Stephane Robert,-0.1942533889036699,0.09290198321454468,0.044288114707379755,0.045849426576347094
block_16,103566,Michael Llodra,0.19106246782822633,0.07604485323313083,0.011058983023304408,0.01295900330200504
block_16,103582,Michael Berrer,0.09536031905284074,0.14566324506938924,0.03232768837996057,0.035275355706846194
block_16,103598,Xavier Malisse,0.19922632372104906,0.2663917197095058,0.008075423450696425,0.007872128410322494
block_16,103602,Fernando Gonzalez,0.02365613293788743,-0.47961946737676975,0.08867282722915559,0.09757405661751428
block_16,103656,Albert Montanes,0.22068767373840537,0.10942649199683796,0.025475928520747884,0.02743739054341248
block_16,103672,Ricardo Mello,0.13483192094190577,0.17618638830474104,0.023466348521378747,0.026561828911250807
block_16,103675,Diego Junqueira,-0.2789727981635645,0.3590217643249538,0.05804211854166352,0.07755240944854613
block_16,103694,Olivier Rochus,-0.08245376986287714,-0.39410888770802344,0.02058406274815277,0.02697379319826377
block_16,103720,Lleyton Hewitt,0.19984822297218488,0.17407806680172985,0.005223989252995916,0.005671654576017315
block_16,103722,Florent Serra,0.12295385289076632,-0.006015146162726331,0.01872861619845428,0.02315493354088391
block_16,103752,Simon Greul,-0.24565939023999986,0.012229250240747265,0.5081958375144877,0.5099553708776892
block_16,103781,Jurgen Melzer,0.04691200177224221,0.22012935685336435,0.015198034739038316,0.015926045035902454
block_16,103786,Nikolay Davydenko,0.09213845694629211,0.15658428619685472,0.015257507222874533,0.018575481602382492
block_16,103794,Benjamin Becker,0.038564666624661396,0.11906467071330197,0.021018515049587266,0.019610427528839833
block_16,103799,Eric Prodon,0.12536696775972406,0.1665049242368395,0.07241770017623139,0.08335383134333252
block_16,103808,Potito Starace,0.3857350227571482,-0.2929307507498415,0.02826863086746506,0.04327565784978843
block_16,103812,Victor Hanescu,0.2853027898101952,-0.4236880708375865,0.040423095201719494,0.05179591410872808
block_16,103813,Jarkko Nieminen,0.013919306340414203,0.11618738892469609,0.009313572573032069,0.010666620635178214
block_16,103819,Roger Federer,0.6356191319955191,0.5100189751932755,0.002139093054197205,0.0018358817143476465
block_16,103821,Danai Udomchoke,0.016753355401412234,0.23448466221789555,0.04230932413978861,0.04768474328016192
block_16,103823,Denis Gremelmayr,-0.08284707129713477,-0.1343893393135132,0.5124463378199554,0.5102737562587629
block_16,103835,Filippo Volandri,-0.06033983572208825,-0.02682471537006248,0.02023758018077599,0.023690835848181824
block_16,103851,Conor Niland,-0.665438992492946,-0.21275028460500697,0.12365426151443715,0.15715346699212707
block_16,103852,Feliciano Lopez,0.37361406624092297,0.11950815836518527,0.0056972720928003505,0.006233922825252165
block_16,103857,Igor Kunitsyn,-0.291881884488944,0.21895596141877846,0.04515051459298744,0.048608111827453185
block_16,103888,Mardy Fish,0.4568584691197826,0.38301352464891725,0.004941260096008611,0.00436114022988414
block_16,103893,Paolo Lorenzi,-0.31898262925388426,0.2995557181989753,0.02174850965431458,0.022666314458118786
block_16,103898,Julien Benneteau,0.19317548139367688,0.15381032400828518,0.005307132860378343,0.0058665496525263745
block_16,103900,David Nalbandian,0.09224826676140321,0.4511034194230826,0.009075953142884084,0.008605165425032254
block_16,103908,Paul Henri Mathieu,0.2658527345786629,0.11208218370332877,0.010096648805479766,0.009866922219169589
block_16,103917,Nicolas Mahut,0.04378459627708432,0.12495077038221376,0.00893203394816372,0.010853044664093927
block_16,103970,David Ferrer,0.48618243843257236,0.4654068425466181,0.00245424455242654,0.002302057087602556
block_16,103971,Karol Beck,-0.013651542708786484,0.1406023694017035,0.022908846442983292,0.030332262700419138
block_16,103990,Tommy Robredo,0.32578482324898167,0.032453585424342735,0.1056530018651466,0.10687839234861565
block_16,103997,Lukasz Kubot,0.0626717510645603,0.26709681741225055,0.013863662517680295,0.014115063061313333
block_16,104022,Mikhail Youzhny,0.13004662734634095,0.3035318163553156,0.006487979634277553,0.006970859667237214
block_16,104035,Bobby Reynolds,0.2722830121887709,-0.09991522861881293,0.06754323859419598,0.06438901678427977
block_16,104053,Andy Roddick,0.5041426895023301,0.09874432082394916,0.005294327947831443,0.005324003048991674
block_16,104068,Robby Ginepri,-0.050520719712307156,-0.12795079198474435,0.07310783609949045,0.07230931493895515
block_16,104095,David Guez,0.0222497884322972,-0.15152714765462275,0.1790858683905212,0.1796221543897748
block_16,104098,Dmitry Tursunov,0.1301316421338221,-0.2321861858825568,0.03341058390019251,0.03401319450056695
block_16,104122,Carlos Berlocq,-0.11266261962687013,0.3115273205680408,0.02425179918239183,0.02481226646688886
block_16,104166,Alex Bogomolov Jr,-0.08061482234042908,0.24209034336647273,0.01878895283197527,0.023069493092749475
block_16,104180,Gilles Muller,0.34965417364240564,-0.13835753326753306,0.008919001054392379,0.010290429711949
block_16,104192,Marco Crugnola,-0.2980703933364662,-0.17099860209358056,0.5128294234820943,0.5158870921628528
block_16,104198,Guillermo Garcia Lopez,0.07829849052122569,0.04569854905795784,0.00966699128761305,0.01077303450884701
block_16,104214,Igor Andreev,0.23562899750089328,0.15140336819541458,0.018485824153626807,0.0185803070848811
block_16,104225,Jan Hajek,0.1907134472664362,0.07929408992696241,0.054182991810257874,0.0496849203213964
block_16,104227,Augustin Gensse,0.0882315546087633,0.06617877159188144,0.09125032666919142,0.09352407375387328
block_16,104229,Yen Hsun Lu,0.036568665070435824,0.08593292316370342,0.009107442235577353,0.009396644574066196
block_16,104252,Florian Mayer,0.2496536449275814,0.3524828959529181,0.011681177543838938,0.010685466459113831
block_16,104259,Philipp Kohlschreiber,0.33408674517460646,0.2102519991933191,0.0053257200192565616,0.005058339156574696
block_16,104262,Flavio Cipolla,-0.26925716550086287,0.27651996176006166,0.026153368847687417,0.025842912727383573
block_16,104268,Alejandro Falla,0.2336970506718809,0.19210892478201308,0.008705117449918212,0.008775373606417555
block_16,104269,Fernando Verdasco,0.1816287197250587,0.11169041773234749,0.005977361864466733,0.0062174556383520155
block_16,104273,Edouard Roger-Vasselin,0.19635987449951758,0.029402286819805168,0.020215286463892233,0.027346605040799235
block_16,104291,Malek Jaziri,-0.1570435704663726,-0.026863842763890932,0.03670716312108726,0.040161732649890064
block_16,104297,Rogerio Dutra Silva,0.025501499203362393,-0.3813257196128122,0.021840193687724496,0.03287295738465712
block_16,104312,Andreas Seppi,0.2576690694891821,0.2213937192005115,0.009774366227342136,0.012826503104553194
block_16,104327,Steve Darcis,0.31770446956020104,-0.14969237955980602,0.02303309262325625,0.025581468034792137
block_16,104332,Philipp Petzschner,0.15409847151024975,0.2288425629155836,0.009029436804856465,0.009250079564711104
block_16,104338,Juan Monaco,0.10676329565340566,0.273494574340111,0.00641182559589175,0.006275216598203645
block_16,104349,Rui Machado,-0.3518056736482442,0.159269098497268,0.021048695422113704,0.02421390751542903
block_16,104386,Janko Tipsarevic,0.38794083071989116,0.3082473531422997,0.003401736738147965,0.003198784826425236
block_16,104417,Robin Soderling,0.227779811263988,0.1752624910608791,0.017433308673420106,0.017657637670710442
block_16,104424,Go Soeda,0.2762437231713384,0.24433852377535561,0.022926165934430687,0.02632258416470707
block_16,104433,Frank Dancevic,-0.1736798306666479,-0.13006989733354873,0.5108683995945705,0.5129856263231384
block_16,104460,Dustin Brown,0.41585911411810006,0.054868992311973286,0.03814001226124297,0.054560873925687314
block_16,104468,Gilles Simon,0.0969276396514863,0.31942755303561915,0.004583226733767883,0.004594195304226343
block_16,104471,Ivan Dodig,-0.04394225450708161,-0.2766705376736274,0.028341483482915198,0.04053588156015418
block_16,104476,Louk Sorensen,-0.027327087446372602,-0.09507757220321461,0.5122404659649586,0.5122404659649586
block_16,104494,Adrian Ungur,0.6363433437099596,0.13116397838722602,0.034571595449892634,0.04445159447202629
block_16,104499,Jimmy Wang,0.02354504427052216,0.15374904606627726,0.03763627195099517,0.038437607044505495
block_16,104500,Somdev Devvarman,-0.0762993861768563,0.07897923953564019,0.023845346079144396,0.030990995411692247
block_16,104523,Frederico Gil,-0.200697682327804,-0.09001503772067368,0.04303548321411085,0.04984641974221728
block_16,104527,Stan Wawrinka,0.28530129219372224,0.3465769467442503,0.004512074187292804,0.004440343058695404
block_16,104534,Dudi Sela,0.048335332746245546,0.03925193445813546,0.030389891622086263,0.04263177138208807
block_16,104542,Jo-Wilfried Tsonga,0.38164391847358214,0.3282912868552154,0.0026405940562267824,0.0026988156606465663
block_16,104545,John Isner,0.613018285990262,-0.13330287775770056,0.004745565527504707,0.004839871042086089
block_16,104548,Brian Baker,0.20425333907539872,0.14299682912884312,0.010350306072831878,0.011081559898508068
block_16,104559,Teymuraz Gabashvili,-0.1543200019412655,-0.23697164828245632,0.22135422438781432,0.22499458953612772
block_16,104571,Marcos Baghdatis,0.1800952025174305,0.3123289297431915,0.005820861561385044,0.006479367128817261
block_16,104579,Romain Jouan,-0.16795597496478795,-0.23081027692987044,0.07960698583716574,0.08678741047892424
block_16,104586,Lukas Rosol,0.48581876173642713,-0.11669832559794269,0.013302640409470762,0.018624806452719012
block_16,104593,Daniel Gimeno Traver,-0.09821034738559226,-0.13120349973019516,0.04963274616693014,0.07007513840826685
block_16,104594,Marinko Matosevic,0.1627300363451724,0.19684857444810297,0.017329906945305028,0.020054406672907237
block_16,104597,Nicolas Almagro,0.47575250462486945,0.177678136558909,0.0035795552384991435,0.0034306346104369277
block_16,104607,Tomas Berdych,0.4715878097585396,0.37289951292020473,0.0031872908655193,0.0031543785985708368
block_16,104619,Jesse Huta Galung,-0.27065703746925085,-0.27910074733008405,0.135749731063455,0.1313987124850703
block_16,104620,Simone Bolelli,0.13480466834228177,0.29859072720488755,0.021410776384454183,0.023034066288945266
block_16,104623,Josh Goodall,-0.06053002568590819,-0.29090950197762694,0.351951476191674,0.35424649839281275
block_16,104628,Alexander Kudryavtsev,0.04548190322487847,0.32396096214805353,0.047421273810439035,0.06614002552884679
block_16,104660,Sergiy Stakhovsky,-0.31186291701264074,0.012834220236129332,0.017696777385352577,0.020384589360052947
block_16,104665,Pablo Andujar,0.02692183965331671,0.11828562609301249,0.019085282474036326,0.01860833547980085
block_16,104672,Vincent Millot,-0.21133507730477005,0.08689591915150453,0.5060844524881107,0.5057539891506985
block_16,104676,Andreas Beck,-0.2327619363633403,-0.08768157107689044,0.06889092253675691,0.07366621771191526
block_16,104678,Viktor Troicki,0.11414686635172526,0.29786268666871696,0.007519148025459733,0.007636404121136297
block_16,104714,Julian Reister,-0.04442207208019815,-0.48316594776815985,0.2877935194657144,0.26337159330235926
block_16,104719,Marcel Granollers,0.02551374791349109,-0.09188931999714972,0.017009971735947815,0.01822986413659232
block_16,104724,Eduardo Schwank,0.3727211535928718,0.07875986437401966,0.044820480338004565,0.07075873455198167
block_16,104731,Kevin Anderson,0.32965051104353726,0.12275273764405661,0.007505798740274619,0.0076476226590791
block_16,104735,Tobias Kamke,-0.041685502625319226,0.35743208895961454,0.010303111825621106,0.011542900612975016
block_16,104745,Rafael Nadal,0.5841154559502679,0.6669243889123678,0.0023594644202008658,0.0022018844244941042
block_16,104755,Richard Gasquet,0.4388789653788556,0.36935294702528115,0.004061525926407441,0.003978455357244179
block_16,104779,Jamie Baker,0.05871511305504707,0.4317363715711607,0.04743274790756735,0.0487611907724661
block_16,104792,Gael Monfils,0.16809720813746948,0.4281721464258026,0.010247518852987999,0.01040251227206332
block_16,104797,Denis Istomin,0.242819734566173,0.18071678245049766,0.009206310319859667,0.009629440562776995
block_16,104813,Grega Zemlja,0.13485317601430832,-0.024374374283150257,0.019924703015518647,0.023386137672047995
block_16,104850,Jonathan Dasnieres De Veigy,-0.14726452044905883,-0.09878918848237234,0.5088047754344186,0.508389237287203
block_16,104864,Alex Kuznetsov,0.09831185984115674,-0.24142759970367386,0.054802787326655666,0.08102506157826306
block_16,104868,James Ward,0.06786137116979857,0.381562324316975,0.027754770927149508,0.03728570483461993
block_16,104869,Sergei Bubka,0.07992695118817435,0.3497874268677713,0.0614826005331105,0.06465270263409051
block_16,104871,Jeremy Chardy,0.30312642840150483,-0.012562900017659587,0.007968519840964052,0.008382023096796205
block_16,104882,Blaz Kavcic,0.16778607695045442,0.33486343198721247,0.013637425318209412,0.016333989621798023
block_16,104890,Andreas Haider Maurer,-0.03633287216359164,-0.1832510816390721,0.0778153204586208,0.07928795335456404
block_16,104898,Robin Haase,0.05690761791473445,0.23215973098657308,0.010904013197146794,0.011723830725652147
block_16,104918,Andy Murray,0.416795655198133,0.6013479901423067,0.0016702564418608916,0.001535250163164967
block_16,104919,Leonardo Mayer,0.2282868219854547,-0.03780560066102252,0.013758557094084222,0.016329636374247745
block_16,104925,Novak Djokovic,0.5677821048396643,0.6839776334998704,0.0017205941901515592,0.0015466739574350496
block_16,104926,Fabio Fognini,0.10550004913740721,0.28455637021252983,0.008693041629179643,0.009245189415840089
block_16,104932,Kenny De Schepper,0.3193918443843572,-0.06645123699392937,0.04647740404489786,0.06040849663731429
block_16,104947,Marsel Ilhan,-0.2871637422973644,-0.7648210742286927,0.06718960295706977,0.08242079235295352
block_16,104958,Carsten Ball,0.09295376497907375,-0.0182409123052626,0.507892586958325,0.5080111538209507
block_16,104976,Ryan Sweeting,0.13839905464151386,0.06964529839107808,0.013118659101101156,0.017410300790178336
block_16,104978,Daniel Brands,0.30657994512106046,-0.2719410551090083,0.02705820368288825,0.039421684850086125
block_16,104979,Andrey Golubev,-0.12504944676186336,0.5194437014522757,0.02402021703885725,0.03425284376126669
block_16,104997,Igor Sijsling,0.2984158246016779,-0.19790864886907647,0.03923584564398852,0.055452834991248756
block_16,104999,Mischa Zverev,-0.12439557158272581,0.14802377373480552,0.04061450242704934,0.04213152980769952
block_16,105011,Illya Marchenko,-0.2579393670301027,0.021667123104230995,0.36316268748980374,0.3632543597109177
block_16,105023,Sam Querrey,0.39571848597431075,0.06856483474971417,0.005849087900337493,0.006404890335579323
block_16,105028,Jesse Levine,0.08719536467814311,0.053233335457247635,0.023274441839073783,0.03132625990421172
block_16,105041,Lukas Lacko,0.19254116188612902,-0.12832391451745723,0.011413995838094125,0.013361527604226119
block_16,105051,Matthew Ebden,0.08374076505428099,0.30511604193751585,0.059718415587078244,0.06031675050528318
block_16,105053,Santiago Giraldo,0.27413158844099744,0.22591401378868164,0.009771041668089247,0.01119864679946923
block_16,105062,Mikhail Kukushkin,0.13167738353103986,0.34330420176859927,0.012738342319196672,0.015162703253252547
block_16,105064,Thomaz Bellucci,-0.018346291432736132,0.29340050066229756,0.013155062959577118,0.014241450759466041
block_16,105065,Tim Smyczek,-0.11628952291648909,-0.18885531043211104,0.05179941836130575,0.06708526479838106
block_16,105074,Ruben Bemelmans,-0.1473985999070673,0.09592245951894486,0.04970435165765996,0.07210230786274041
block_16,105077,Albert Ramos,-0.14265818769472036,0.026913577179213014,0.01716953494233576,0.02110044081484971
block_16,105099,Antonio Veic,-0.6436479093412573,0.08938620890601118,0.08747667164577166,0.08280949179603658
block_16,105132,Jurgen Zopp,0.21623067312583755,-0.2299208289821259,0.02823213964623743,0.03438583274858051
block_16,105137,Pere Riba,-0.709286503916926,-0.3621672297822578,0.08475914304745155,0.11244757911377054
block_16,105147,Tatsuma Ito,-0.15745440944476188,-0.07602890875387464,0.021302168317020153,0.02223432264071604
block_16,105154,Joao Souza,-0.14444109316242776,-0.29023307854770586,0.26382186045673267,0.26540106689704895
block_16,105173,Adrian Mannarino,-0.05001212107473778,0.35720543674451777,0.024095259153413158,0.03136577120442752
block_16,105208,Ernests Gulbis,0.41340538984043707,0.1906385240104997,0.014493981257375783,0.014047557677186647
block_16,105217,Thiemo De Bakker,0.48439351568225925,-0.3417701923635329,0.07070626821206655,0.10085319893240685
block_16,105223,Juan Martin del Potro,0.4220563550664308,0.3142144076085244,0.0029654524500073005,0.002962770479805486
block_16,105227,Marin Cilic,0.3047272092622787,0.38104893056382677,0.004471248769898818,0.004383568323438208
block_16,105238,Alexandr Dolgopolov,0.3248281310133514,0.23432114603406023,0.007139369640954977,0.006543471116177776
block_16,105270,Maxime Teixeira,-0.13720135231679415,0.052072646920702875,0.07748425590717811,0.09476600398156554
block_16,105286,Greg Jones,0.002925433304715604,0.11302506728844237,0.04956110091250665,0.06773602592345007
block_16,105318,Thomas Schoorel,0.0977702553710474,-0.02865261555933215,0.09910414971167791,0.10218282851171456
block_16,105332,Benoit Paire,-0.06932151740043802,0.2573687002904249,0.008547877914237457,0.009460977151991803
block_16,105373,Martin Klizan,0.1612856038623307,0.2536701802940138,0.012288108080888201,0.013551136829785978
block_16,105385,Donald Young,-0.028419491888288413,0.1848526269606685,0.00910988714700028,0.009908395796897344
block_16,105449,Steve Johnson,0.2690556018646033,-0.1452386531614575,0.0195347091907253,0.025467623772444166
block_16,105453,Kei Nishikori,0.19253308671213443,0.30652398052775964,0.007438017227290858,0.00719020534640197
block_16,105558,Guillaume Rufin,0.025384870136639516,-0.15668578279509515,0.011846659092314409,0.017035594311064096
block_16,105575,Ricardas Berankis,-0.08011519138008483,0.27851158817864274,0.14755110709445599,0.15283306053585216
block_16,105614,Bradley Klahn,0.04482584995991462,0.16049594453255053,0.02118227257061064,0.024305511814841183
block_16,105649,Cedrik Marcel Stebe,-0.19599864371300396,0.1890962018947306,0.02411666576609417,0.02905796393420789
block_16,105668,Jerzy Janowicz,0.3901078208188944,0.17357297058638194,0.04585732972201295,0.04936852631489086
block_16,105676,David Goffin,0.2835507571921866,0.2181642288370637,0.008103029010009716,0.008744588281871118
block_16,105683,Milos Raonic,0.4704693570008265,0.03986474189829869,0.0064250181014833384,0.006279265657700341
block_16,105733,Rhyne Williams,0.21288385467341536,-0.2929838737071992,0.05779978811877806,0.06619444865547297
block_16,105777,Grigor Dimitrov,0.09226729552506843,0.20161789676514671,0.006584357009705811,0.007296711266657638
block_16,105819,Guido Andreozzi,0.07269078372090698,-0.5773582417410612,0.050514179826372074,0.068638283818238
block_16,105902,James Duckworth,0.28161824127091856,0.01664365650184485,0.03835553941508041,0.05310288576473621
block_16,105992,Ryan Harrison,0.19800433830335223,0.18943002639472128,0.00642062893988289,0.007081416077536247
block_16,106058,Jack Sock,0.3313700331400644,0.1144631587157953,0.014330505606451887,0.01600315659416293
block_16,106071,Bernard Tomic,0.14531519013948604,0.14990531832850595,0.005218100992319383,0.005761477008953309
block_16,106093,Benjamin Mitchell,-0.12355475620778099,0.10804954196071329,0.05632236684144265,0.0659856139530931
block_16,106244,Oliver Golding,0.11882181411447623,0.052504667144720685,0.05896569020666986,0.06558921788035066
block_16,106261,Dennis Novikov,0.12535361883325985,0.014035855829399781,0.03412132176661076,0.033897084418168855
